name,lastname,address,city,zip,email,phone
Alice,Anderson,100 First St,Boston,02101,alice.a@test.com,555-1001
Bob,Baker,101 Second St,Seattle,98101,bob.b@test.com,555-1002
Carol,Clark,102 Third St,Denver,80201,carol.c@test.com,555-1003
Daniel,Davis,103 Fourth St,Miami,33101,daniel.d@test.com,555-1004
Emma,Evans,104 Fifth St,Atlanta,30301,emma.e@test.com,555-1005
Frank,Foster,105 Sixth St,Detroit,48201,frank.f@test.com,555-1006
Grace,Gray,106 Seventh St,Portland,97201,grace.g@test.com,555-1007
Henry,Hall,107 Eighth St,Austin,78701,henry.h@test.com,555-1008
Ivy,Ingram,108 Ninth St,Nashville,37201,ivy.i@test.com,555-1009
Jack,Jackson,109 Tenth St,Columbus,43201,jack.j@test.com,555-1010
Kate,King,110 Main Ave,Charlotte,28201,kate.k@test.com,555-1011
Leo,Lee,111 Oak Blvd,Indianapolis,46201,leo.l@test.com,555-1012
Mia,Martin,112 Pine Cir,San Francisco,94101,mia.m@test.com,555-1013
Noah,Nelson,113 Elm Dr,Jacksonville,32201,noah.n@test.com,555-1014
Olivia,Owen,114 Maple Ln,Fort Worth,76101,olivia.o@test.com,555-1015
Paul,Parker,115 Cedar Rd,Austin,78702,paul.p@test.com,555-1016
Quinn,Quinn,116 Birch St,Memphis,38101,quinn.q@test.com,555-1017
Ruby,Roberts,117 Willow Way,Baltimore,21201,ruby.r@test.com,555-1018
Sam,Scott,118 Spruce Ct,Milwaukee,53201,sam.s@test.com,555-1019
Tina,Taylor,119 Ash Ave,Albuquerque,87101,tina.t@test.com,555-1020
Uma,Underwood,120 Oak St,Tucson,85701,uma.u@test.com,555-1021
Victor,Vance,121 Pine Ave,Fresno,93701,victor.v@test.com,555-1022
Wendy,White,122 Elm Rd,Sacramento,95814,wendy.w@test.com,555-1023
Xavier,Xavier,123 Maple Dr,Kansas City,64101,xavier.x@test.com,555-1024
Yara,Young,124 Cedar Ln,Mesa,85201,yara.y@test.com,555-1025
Zack,Zimmerman,125 Birch Ct,Virginia Beach,23451,zack.z@test.com,555-1026
Amanda,Adams,126 Willow Way,Omaha,68101,amanda.a@test.com,555-1027
Brian,Brown,127 Spruce St,Oakland,94601,brian.b@test.com,555-1028
Christine,Cooper,128 Ash Ave,Minneapolis,55401,christine.c@test.com,555-1029
Dennis,Dixon,129 First St,Tulsa,74103,dennis.d@test.com,555-1030
Elena,Edwards,130 Second St,Arlington,76010,elena.e@test.com,555-1031
Felix,Fisher,131 Third St,New Orleans,70112,felix.f@test.com,555-1032
Gloria,Green,132 Fourth St,Wichita,67202,gloria.g@test.com,555-1033
Harold,Harris,133 Fifth St,Cleveland,44101,harold.h@test.com,555-1034
Iris,Irving,134 Sixth St,Tampa,33602,iris.i@test.com,555-1035
Jerry,James,135 Seventh St,Bakersfield,93301,jerry.j@test.com,555-1036
Kelly,Kelly,136 Eighth St,Aurora,80010,kelly.k@test.com,555-1037
Larry,Lewis,137 Ninth St,Anaheim,92801,larry.l@test.com,555-1038
Monica,Moore,138 Tenth St,Santa Ana,92701,monica.m@test.com,555-1039
Nathan,Newton,139 Main Ave,Riverside,92501,nathan.n@test.com,555-1040
Ophelia,Oliver,140 Oak Blvd,Corpus Christi,78401,ophelia.o@test.com,555-1041
Peter,Peterson,141 Pine Cir,Lexington,40507,peter.p@test.com,555-1042
Quincy,Queen,142 Elm Dr,Stockton,95202,quincy.q@test.com,555-1043
Rachel,Reed,143 Maple Ln,Henderson,89002,rachel.r@test.com,555-1044
Steven,Sanders,144 Cedar Rd,Saint Paul,55101,steven.s@test.com,555-1045
Teresa,Thompson,145 Birch St,Cincinnati,45202,teresa.t@test.com,555-1046
Ulysses,Upton,146 Willow Way,Pittsburgh,15222,ulysses.u@test.com,555-1047
Vanessa,Vincent,147 Spruce Ct,Greensboro,27401,vanessa.v@test.com,555-1048
William,Walker,148 Ash Ave,Anchorage,99501,william.w@test.com,555-1049
Xena,Xavier,149 Oak St,Plano,75024,xena.x@test.com,555-1050
Yvonne,York,150 Pine Ave,Lincoln,68501,yvonne.y@test.com,555-1051
Zachary,Zhang,151 Elm Rd,Orlando,32801,zachary.z@test.com,555-1052
Aaron,Allen,152 Maple Dr,Irvine,92602,aaron.a@test.com,555-1053
Betty,Bell,153 Cedar Ln,Newark,07102,betty.b@test.com,555-1054
Charles,Carter,154 Birch Ct,Durham,27701,charles.c@test.com,555-1055
Diana,Dean,155 Willow Way,Chula Vista,91910,diana.d@test.com,555-1056
Edward,Evans,156 Spruce St,Toledo,43604,edward.e@test.com,555-1057
Fiona,Ford,157 Ash Ave,Fort Wayne,46802,fiona.f@test.com,555-1058
George,Grant,158 First St,St. Petersburg,33701,george.g@test.com,555-1059
Hannah,Hughes,159 Second St,Laredo,78040,hannah.h@test.com,555-1060
Ian,Ingram,160 Third St,Jersey City,07302,ian.i@test.com,555-1061
Julia,Jenkins,161 Fourth St,Chandler,85225,julia.j@test.com,555-1062
Kevin,Knight,162 Fifth St,Madison,53703,kevin.k@test.com,555-1063
Laura,Lane,163 Sixth St,Lubbock,79401,laura.l@test.com,555-1064
Marcus,Mitchell,164 Seventh St,Scottsdale,85251,marcus.m@test.com,555-1065
Nancy,Norton,165 Eighth St,Reno,89501,nancy.n@test.com,555-1066
Oscar,Owens,166 Ninth St,Buffalo,14202,oscar.o@test.com,555-1067
Penny,Powell,167 Tenth St,Gilbert,85233,penny.p@test.com,555-1068
Quentin,Quinn,168 Main Ave,Glendale,85301,quentin.q@test.com,555-1069
Rita,Riley,169 Oak Blvd,North Las Vegas,89030,rita.r@test.com,555-1070
Simon,Shaw,170 Pine Cir,Winston-Salem,27101,simon.s@test.com,555-1071
Tracy,Turner,171 Elm Dr,Chesapeake,23320,tracy.t@test.com,555-1072
Ursula,Underhill,172 Maple Ln,Norfolk,23510,ursula.u@test.com,555-1073
Vince,Vaughn,173 Cedar Rd,Fremont,94536,vince.v@test.com,555-1074
Wanda,Watson,174 Birch St,Garland,75040,wanda.w@test.com,555-1075
Xander,Xiang,175 Willow Way,Irving,75060,xander.x@test.com,555-1076
Yvette,Yang,176 Spruce Ct,Hialeah,33010,yvette.y@test.com,555-1077
Zara,Zhou,177 Ash Ave,Richmond,23219,zara.z@test.com,555-1078
Adam,Armstrong,178 Oak St,Boise,83702,adam.a@test.com,555-1079
Bella,Bennett,179 Pine Ave,Spokane,99201,bella.b@test.com,555-1080
Carl,Campbell,180 Elm Rd,Des Moines,50309,carl.c@test.com,555-1081
Daisy,Duncan,181 Maple Dr,Modesto,95350,daisy.d@test.com,555-1082
Eric,Elliott,182 Cedar Ln,Fayetteville,28301,eric.e@test.com,555-1083
Faith,Fletcher,183 Birch Ct,Tacoma,98402,faith.f@test.com,555-1084
Gary,Gibson,184 Willow Way,Fontana,92335,gary.g@test.com,555-1085
Holly,Hansen,185 Spruce St,San Bernardino,92401,holly.h@test.com,555-1086
Isaac,Irwin,186 Ash Ave,Moreno Valley,92553,irving.i@test.com,555-1087
Jasmine,Jordan,187 First St,Shreveport,71101,jasmine.j@test.com,555-1088
Keith,Kennedy,188 Second St,Akron,44308,keith.k@test.com,555-1089
Linda,Lawson,189 Third St,Glendale,91204,linda.l@test.com,555-1090
Martin,Mason,190 Fourth St,Augusta,30901,martin.m@test.com,555-1091
Nina,Nash,191 Fifth St,Grand Rapids,49503,nina.n@test.com,555-1092
Oliver,O'Brien,192 Sixth St,Huntington Beach,92648,oliver.o@test.com,555-1093
Patricia,Palmer,193 Seventh St,Aurora,80012,patricia.p@test.com,555-1094
Quinton,Quigley,194 Eighth St,Oxnard,93030,quinton.q@test.com,555-1095
Rosa,Reynolds,195 Ninth St,Mobile,36602,rosa.r@test.com,555-1096
Seth,Sullivan,196 Tenth St,Little Rock,72201,seth.s@test.com,555-1097
Tara,Tucker,197 Main Ave,Amarillo,79101,tara.t@test.com,555-1098
Ulrich,Underwood,198 Oak Blvd,Glendale,85302,ulrich.u@test.com,555-1099
Vera,Valdez,199 Pine Cir,Huntsville,35801,vera.v@test.com,555-1100
Walter,Ward,200 Elm Dr,Columbus,31901,walter.w@test.com,555-1101
Xenia,Xu,201 Maple Ln,Grand Prairie,75050,xenia.x@test.com,555-1102
Yale,Yates,202 Cedar Rd,Salt Lake City,84101,yale.y@test.com,555-1103
Zelda,Zimmerman,203 Birch St,Tallahassee,32301,zelda.z@test.com,555-1104
Anthony,Alexander,204 Willow Way,Worcester,01608,anthony.a@test.com,555-1105
Brenda,Barnes,205 Spruce Ct,Newport News,23607,brenda.b@test.com,555-1106
Colin,Coleman,206 Ash Ave,Knoxville,37902,colin.c@test.com,555-1107
Dorothy,Davies,207 Oak St,Providence,02903,dorothy.d@test.com,555-1108
Eugene,Ellis,208 Pine Ave,Chattanooga,37402,eugene.e@test.com,555-1109
Frances,Ferguson,209 Elm Rd,Brownsville,78520,frances.f@test.com,555-1110
Gregory,Graham,210 Maple Dr,Fort Lauderdale,33301,gregory.g@test.com,555-1111
Helen,Harrison,211 Cedar Ln,Tempe,85281,helen.h@test.com,555-1112
Ivan,Ingram,212 Birch Ct,McKinney,75069,ivan.i@test.com,555-1113
Josephine,Jacobs,213 Willow Way,Eugene,97401,josephine.j@test.com,555-1114
Kenneth,Kane,214 Spruce St,Salem,97301,kenneth.k@test.com,555-1115
Louise,Lambert,215 Ash Ave,Cary,27511,louise.l@test.com,555-1116
Matthew,Morris,216 First St,Santa Clarita,91350,matthew.m@test.com,555-1117
Natalie,Nguyen,217 Second St,Pasadena,77501,natalie.n@test.com,555-1118
Orlando,O'Connor,218 Third St,Sunnyvale,94086,orlando.o@test.com,555-1119
Penelope,Patterson,219 Fourth St,Macon,31201,penelope.p@test.com,555-1120
Quilla,Quick,220 Fifth St,Pomona,91766,quilla.q@test.com,555-1121
Ronald,Russell,221 Sixth St,Escondido,92025,ronald.r@test.com,555-1122
Sophia,Stevens,222 Seventh St,Killeen,76541,sophia.s@test.com,555-1123
Thomas,Taylor,223 Eighth St,Sunnyva le,94087,thomas.t@test.com,555-1124
Uriah,Underhill,224 Ninth St,Peoria,85345,uriah.u@test.com,555-1125
Violet,Vargas,225 Tenth St,Kansas City,66101,violet.v@test.com,555-1126
Warren,Wells,226 Main Ave,Springfield,65806,warren.w@test.com,555-1127
Xyla,Xiong,227 Oak Blvd,Pasadena,91101,xyla.x@test.com,555-1128
Yasmine,Young,228 Pine Cir,Pomona,91767,yasmine.y@test.com,555-1129
Zane,Zimmerman,229 Elm Dr,Corona,92879,zane.z@test.com,555-1130
Andrew,Adams,230 Maple Ln,Lakewood,80226,andrew.a@test.com,555-1131
Barbara,Bailey,231 Cedar Rd,Hayward,94541,barbara.b@test.com,555-1132
Christopher,Cruz,232 Birch Ct,Clarksville,37040,christopher.c@test.com,555-1133
Deborah,Douglas,233 Willow Way,Lancaster,93534,deborah.d@test.com,555-1134
Ethan,Edwards,234 Spruce St,Salinas,93901,ethan.e@test.com,555-1135
Florence,Foster,235 Ash Ave,Palmdale,93550,florence.f@test.com,555-1136
Gilbert,Gray,236 Oak St,Hollywood,33020,gilbert.g@test.com,555-1137
Harper,Hayes,237 Pine Ave,Alexandria,22314,harper.h@test.com,555-1138
Irving,Irwin,238 Elm Rd,Miramar,33025,irving.i@test.com,555-1139
Jennifer,Jackson,239 Maple Dr,Warren,48089,jennifer.j@test.com,555-1140
Kaylee,Knox,240 Cedar Ln,Thornton,80229,kaylee.k@test.com,555-1141
Logan,Lewis,241 Birch Ct,Midland,79701,logan.l@test.com,555-1142
Michelle,Murphy,242 Willow Way,Denton,76201,michelle.m@test.com,555-1143
Nicholas,Nelson,243 Spruce St,West Valley City,84119,nicholas.n@test.com,555-1144
Olivia,O'Neill,244 Ash Ave,Norman,73069,olivia.o@test.com,555-1145
Phillip,Phillips,245 First St,Olathe,66061,phillip.p@test.com,555-1146
Queenie,Quinn,246 Second St,Waco,76701,queenie.q@test.com,555-1147
Raymond,Reed,247 Third St,Carrollton,75006,raymond.r@test.com,555-1148
Stacey,Smith,248 Fourth St,Pearland,77581,stacey.s@test.com,555-1149
Timothy,Thompson,249 Fifth St,College Station,77840,timothy.t@test.com,555-1150
